[{"twittertime":"Tue Jul 14 23:52:38 +0000 2020","created":"2020-07-14T23:52:38.000Z","handle":"BrendanEich","message":"@maxrogo @danielgross @browsercompany Perf measurements against Chrome: https://t.co/yu75bLhFcE (last fall),… https://t.co/wxwEVOZ0yW","site":"https://t.co/31gjnOax12","hashtags":[],"link":"https://www.twitter.com/BrendanEich/status/1283187679840972800","id_string":"1283187679840972800"},{"twittertime":"Tue Jul 14 23:20:34 +0000 2020","created":"2020-07-14T23:20:34.000Z","handle":"BrendanEich","message":"@JordanSchachtel The profit-motivated ask \"Profitable?\" not \"Sane?\" especially if https://t.co/LsvjUJrsQm covers al… https://t.co/MWEF2TGE0B","site":"https://t.co/31gjnOax12","hashtags":[],"link":"https://www.twitter.com/BrendanEich/status/1283179610352390144","id_string":"1283179610352390144"},{"twittertime":"Tue Jul 14 23:16:03 +0000 2020","created":"2020-07-14T23:16:03.000Z","handle":"BrendanEich","message":"@maxrogo @danielgross @browsercompany Hostile to trackers.\n\nAs for \"just a Chrome clone\", see https://t.co/nr2EejOjAZ.","site":"https://t.co/31gjnOax12","hashtags":[],"link":"https://www.twitter.com/BrendanEich/status/1283178476825001985","id_string":"1283178476825001985"},{"twittertime":"Tue Jul 14 20:57:43 +0000 2020","created":"2020-07-14T20:57:43.000Z","handle":"dan_abramov","message":"@curlywurlycraig @SamRegnier Yeah but that’s still a consequence of lexical scoping. You can’t have it another way… https://t.co/ShQ1LeqZbS","site":"https://t.co/W27BzAGyLJ","hashtags":[],"link":"https://www.twitter.com/dan_abramov/status/1283143664437530626","id_string":"1283143664437530626"},{"twittertime":"Tue Jul 14 20:48:41 +0000 2020","created":"2020-07-14T20:48:41.000Z","handle":"dan_abramov","message":"@gnclmorais I’ve thought about this and for now my answer is no. This is a fairly personal project in that it has a… https://t.co/LufwBqxC3E","site":"https://t.co/W27BzAGyLJ","hashtags":[],"link":"https://www.twitter.com/dan_abramov/status/1283141387924496384","id_string":"1283141387924496384"},{"twittertime":"Mon Jul 06 18:54:25 +0000 2020","created":"2020-07-06T18:54:25.000Z","handle":"rachsmithtweets","message":"@DevLoop01 @CodePen @greensock love it!","site":"https://t.co/gc6XTakOdX","hashtags":[],"link":"https://www.twitter.com/rachsmithtweets/status/1280213532018044928","id_string":"1280213532018044928"},{"twittertime":"Thu May 28 18:49:13 +0000 2020","created":"2020-05-28T18:49:13.000Z","handle":"rachsmithtweets","message":"this email newsletter by @JamesClear is a long-standing favourite of mine https://t.co/eoRPPO1AIk","site":"https://t.co/gc6XTakOdX","hashtags":[],"link":"https://www.twitter.com/rachsmithtweets/status/1266079095802089472","id_string":"1266079095802089472"},{"twittertime":"Tue Jul 14 01:18:18 +0000 2020","created":"2020-07-14T01:18:18.000Z","handle":"addyosmani","message":"@owencm @sharifshameem From the thread it *sounds* like a semi-local approach like TabNine uses may work here (comp… https://t.co/hQIwiHmAsS","site":"https://t.co/BChNfDuYCy","hashtags":[],"link":"https://www.twitter.com/addyosmani/status/1282846853701136390","id_string":"1282846853701136390"},{"twittertime":"Mon Jul 13 19:32:32 +0000 2020","created":"2020-07-13T19:32:32.000Z","handle":"addyosmani","message":"@austinftacnik @sharifshameem This reminds me I need to give Kite another try :)","site":"https://t.co/BChNfDuYCy","hashtags":[],"link":"https://www.twitter.com/addyosmani/status/1282759837911113728","id_string":"1282759837911113728"},{"twittertime":"Tue Jul 14 18:51:05 +0000 2020","created":"2020-07-14T18:51:05.000Z","handle":"sindresorhus","message":"such legible https://t.co/5Hw7p542en","site":"https://t.co/Po2lqJEFOu","hashtags":[],"link":"https://www.twitter.com/sindresorhus/status/1283111794991443969","id_string":"1283111794991443969"},{"twittertime":"Tue Jul 14 18:00:51 +0000 2020","created":"2020-07-14T18:00:51.000Z","handle":"sindresorhus","message":"@rjonesy Hmm, I don't see any icons for \"working hours\" in Fantastical 3. Although, I only have the free version. W… https://t.co/3hlRCW7HRi","site":"https://t.co/Po2lqJEFOu","hashtags":[],"link":"https://www.twitter.com/sindresorhus/status/1283099153963184129","id_string":"1283099153963184129"},{"twittertime":"Wed Jul 15 02:14:20 +0000 2020","created":"2020-07-15T02:14:20.000Z","handle":"sarah_edo","message":"@RolandoEsc @sa_she_me Lol this is too funny","site":"https://t.co/mrLaIogLHv","hashtags":[],"link":"https://www.twitter.com/sarah_edo/status/1283223340409221120","id_string":"1283223340409221120"},{"twittertime":"Wed Jul 15 02:13:17 +0000 2020","created":"2020-07-15T02:13:17.000Z","handle":"sarah_edo","message":"@shrutikapoor08 @jlengstorf @MoonTahoe Good luck Shruti!","site":"https://t.co/mrLaIogLHv","hashtags":[],"link":"https://www.twitter.com/sarah_edo/status/1283223078017753088","id_string":"1283223078017753088"},{"twittertime":"Wed Jul 15 01:23:35 +0000 2020","created":"2020-07-15T01:23:35.000Z","handle":"sarah_edo","message":"@codebeast @jlengstorf Aw thank you Christian!","site":"https://t.co/mrLaIogLHv","hashtags":[],"link":"https://www.twitter.com/sarah_edo/status/1283210571756695554","id_string":"1283210571756695554"},{"twittertime":"Tue Jul 14 17:32:19 +0000 2020","created":"2020-07-14T17:32:19.000Z","handle":"wesbos","message":"@burgeoningbaker Get two! Youll find a million uses for them once you have thme. I don't pay for their extended sub… https://t.co/1ovHUfRJHO","site":"https://t.co/poIFOQ4h7C","hashtags":[],"link":"https://www.twitter.com/wesbos/status/1283091973885370370","id_string":"1283091973885370370"},{"twittertime":"Tue Jul 14 16:45:39 +0000 2020","created":"2020-07-14T16:45:39.000Z","handle":"wesbos","message":"@Matt_HY Awesome excited to see this build out","site":"https://t.co/poIFOQ4h7C","hashtags":[],"link":"https://www.twitter.com/wesbos/status/1283080227015598080","id_string":"1283080227015598080"},{"twittertime":"Tue Jul 14 16:43:02 +0000 2020","created":"2020-07-14T16:43:02.000Z","handle":"wesbos","message":"@Matt_HY Have you looked into zoning for that? I know lots of people who have found out they can’t build right up against property lines","site":"https://t.co/poIFOQ4h7C","hashtags":[],"link":"https://www.twitter.com/wesbos/status/1283079570778980352","id_string":"1283079570778980352"},{"twittertime":"Tue Jul 14 15:34:00 +0000 2020","created":"2020-07-14T15:34:00.000Z","handle":"NNgroup","message":"#Eyetracking studies show that users sometimes look at only a single result on a #search results page because that… https://t.co/1LthbOSOkz","site":"","hashtags":[{"text":"Eyetracking","indices":[0,12]},{"text":"search","indices":[81,88]}],"link":"https://www.twitter.com/NNgroup/status/1283062196386373633","id_string":"1283062196386373633"},{"twittertime":"Mon Jul 13 19:04:00 +0000 2020","created":"2020-07-13T19:04:00.000Z","handle":"NNgroup","message":"In #visualdesign, elements within the same boundary are perceived as related https://t.co/W4ojZoGS5X #UX","site":"","hashtags":[{"text":"visualdesign","indices":[3,16]},{"text":"UX","indices":[101,104]}],"link":"https://www.twitter.com/NNgroup/status/1282752656335933440","id_string":"1282752656335933440"},{"twittertime":"Fri Jul 10 15:14:00 +0000 2020","created":"2020-07-10T15:14:00.000Z","handle":"NNgroup","message":"Some designers feel that they know everything about #UX, including how to do #userresearch, so is there any value i… https://t.co/ztHGIdRajv","site":"","hashtags":[{"text":"UX","indices":[52,55]},{"text":"userresearch","indices":[77,90]}],"link":"https://www.twitter.com/NNgroup/status/1281607611952123904","id_string":"1281607611952123904"},{"twittertime":"Tue Jul 14 17:18:32 +0000 2020","created":"2020-07-14T17:18:32.000Z","handle":"joulee","message":"@alexandermania Especially on Twitter... Where a lot of drama happens because the parties don’t really care about e… https://t.co/tLUBZi16lH","site":"https://t.co/RBgcLWPMcQ","hashtags":[],"link":"https://www.twitter.com/joulee/status/1283088503530614784","id_string":"1283088503530614784"},{"twittertime":"Tue Jul 14 16:51:51 +0000 2020","created":"2020-07-14T16:51:51.000Z","handle":"joulee","message":"Discussion meetings that aren’t dominated by one or two people tend to have better outcomes. And Macro is super use… https://t.co/KCINCO4fRG","site":"https://t.co/RBgcLWPMcQ","hashtags":[],"link":"https://www.twitter.com/joulee/status/1283081787489435654","id_string":"1283081787489435654"},{"twittertime":"Tue Jul 14 16:46:16 +0000 2020","created":"2020-07-14T16:46:16.000Z","handle":"joulee","message":"Macro gives me a meeting feature I have always wanted: a way to track who is getting how much airtime. This is supe… https://t.co/hKzYQA6YsO","site":"https://t.co/RBgcLWPMcQ","hashtags":[],"link":"https://www.twitter.com/joulee/status/1283080384796749824","id_string":"1283080384796749824"},{"twittertime":"Tue Jul 14 20:48:45 +0000 2020","created":"2020-07-14T20:48:45.000Z","handle":"rjs","message":"@fredsters_s Reps. Learning what it feels like to get stuck in different ways.","site":"https://t.co/I53BYL4TMB","hashtags":[],"link":"https://www.twitter.com/rjs/status/1283141407490797568","id_string":"1283141407490797568"},{"twittertime":"Tue Jul 14 20:42:33 +0000 2020","created":"2020-07-14T20:42:33.000Z","handle":"rjs","message":"@fredsters_s Not important.\n\nI still keep trying different things. Maybe will land on something in the future.","site":"https://t.co/I53BYL4TMB","hashtags":[],"link":"https://www.twitter.com/rjs/status/1283139846324678657","id_string":"1283139846324678657"},{"twittertime":"Tue Jul 14 20:33:53 +0000 2020","created":"2020-07-14T20:33:53.000Z","handle":"rjs","message":"From a thread answering Qs about what a full-time shaper does every day and how to structure time and be productive… https://t.co/oNYvD32MzW","site":"https://t.co/I53BYL4TMB","hashtags":[],"link":"https://www.twitter.com/rjs/status/1283137663709573120","id_string":"1283137663709573120"},{"twittertime":"Thu May 21 15:22:07 +0000 2020","created":"2020-05-21T15:22:07.000Z","handle":"xeeliz","message":"Reminder to vote in the ACM Elections. Deadline: 16:00 UTC, 22 May 2020 https://t.co/K3sb58qYF4","site":"","hashtags":[],"link":"https://www.twitter.com/xeeliz/status/1263490262086508545","id_string":"1263490262086508545"},{"twittertime":"Mon Apr 20 19:34:36 +0000 2020","created":"2020-04-20T19:34:36.000Z","handle":"xeeliz","message":"ACM members - the ACM General Elections are open. Vote for President, Vice President, Secretary/Treasurer, and Memb… https://t.co/g4S1KdXLnn","site":"","hashtags":[],"link":"https://www.twitter.com/xeeliz/status/1252319777718104064","id_string":"1252319777718104064"},{"twittertime":"Tue Mar 31 23:25:28 +0000 2020","created":"2020-03-31T23:25:28.000Z","handle":"xeeliz","message":"Important effort in the UK. Please contribute and/ distribute this call...... THANKS. AND..... Social distance. Sta… https://t.co/Po7yqDK9PN","site":"","hashtags":[],"link":"https://www.twitter.com/xeeliz/status/1245130118109868033","id_string":"1245130118109868033"},{"twittertime":"Tue Jul 14 19:20:53 +0000 2020","created":"2020-07-14T19:20:53.000Z","handle":"alyssaxuu","message":"@gefencodes Oooh, cool initiative 👀 Dropouts too?","site":"https://t.co/GqiMWecFZQ","hashtags":[],"link":"https://www.twitter.com/alyssaxuu/status/1283119294910529536","id_string":"1283119294910529536"},{"twittertime":"Mon Jul 13 18:56:40 +0000 2020","created":"2020-07-13T18:56:40.000Z","handle":"alyssaxuu","message":"@hyumankind 😱","site":"https://t.co/GqiMWecFZQ","hashtags":[],"link":"https://www.twitter.com/alyssaxuu/status/1282750811391623168","id_string":"1282750811391623168"},{"twittertime":"Mon Jul 13 18:23:21 +0000 2020","created":"2020-07-13T18:23:21.000Z","handle":"alyssaxuu","message":"@benjitaylor 👀","site":"https://t.co/GqiMWecFZQ","hashtags":[],"link":"https://www.twitter.com/alyssaxuu/status/1282742429045727232","id_string":"1282742429045727232"}]